Job Title,Company Name,Number of Applicants,Posted Time,URL,Seniority Level,Employment Type,Job Function,Industry
Junior Data Analyst,Capgemini,Over 200 applicants,2 weeks ago,https://sg.linkedin.com/jobs/view/junior-data-...,Entry level,Full-time,"Information Technology, Business Development, ...","IT Services and IT Consulting, Financial Servi..."
Data Analyst,Capgemini,Over 200 applicants,1 week ago,https://sg.linkedin.com/jobs/view/data-analyst...,Entry level,Full-time,"Information Technology, Engineering, and Other","IT Services and IT Consulting, Software Develo..."
Senior Data Analyst,Roku Inc.,180 applicants,20 hours ago,https://www.linkedin.com/jobs/view/senior-data...,Mid-Senior level,Full-time,Information Technology,"Technology, Information and Media"
Customer Service Data Analyst,Coca-Cola Beverages Philippines,Mahigit sa 200 apliktante,1 linggo nakalipas,https://ph.linkedin.com/jobs/view/customer-ser...,Entry level,Full-time,Customer Service,Pagmamanupaktura
Data Analyst,Hotspex Media,Over 200 applicants,1 week ago,https://ca.linkedin.com/jobs/view/data-analyst...,Entry level,Full-time,Information Technology,Advertising Services
Data Analyst,PT. CS2 POLA SEHAT,26 pelamar,1 hari yang lalu,https://id.linkedin.com/jobs/view/data-analyst...,,,,
,,,,https://www.linkedin.com/jobs/view/data-analys...,,,,
Data Analyst,Capgemini,Over 200 applicants,1 week ago,https://sg.linkedin.com/jobs/view/data-analyst...,Entry level,Full-time,"Information Technology, Engineering, and Other","IT Services and IT Consulting, Software Develo..."
Junior Data Analyst (Fresh grads),Salt,Lebih 200 pemohon,1 minggu yang lalu,https://my.linkedin.com/jobs/view/junior-data-...,,,,
Data Analyst,ADP,Over 200 applicants,1 day ago,https://in.linkedin.com/jobs/view/data-analyst...,Associate,Full-time,Information Technology,IT Services and IT Consulting
Data Analyst - Customer Behaviour Analytics,Sky Italia,Oltre 200 candidati,2 settimane fa,https://it.linkedin.com/jobs/view/data-analyst...,,,,
Graduate Data Analyst,Capua,Over 200 applicants,1 day ago,https://uk.linkedin.com/jobs/view/graduate-dat...,Entry level,Full-time,General Business and Analyst,IT Services and IT Consulting
Data & Analytics Analyst,Shopee,37 candidaturas,HÃ¡ 18 horas,https://br.linkedin.com/jobs/view/data-analyti...,,,,
Data Analyst,BGSF,Over 200 applicants,2 weeks ago,https://www.linkedin.com/jobs/view/data-analys...,Associate,Full-time,Information Technology,Staffing and Recruiting
ðŸŒ³ðŸŒ³ðŸŒ³ Data Analyst - Remote ðŸŒ³ðŸŒ³ðŸŒ³,Areti Group,Over 200 applicants,1 day ago,https://uk.linkedin.com/jobs/view/%F0%9F%8C%B3...,Mid-Senior level,Full-time,Information Technology,Financial Services
Analista de Datos para Control Interno y Cumpl...,BBVA en Uruguay,MÃ¡s de 200 solicitudes,Hace 1 semana,https://uy.linkedin.com/jobs/view/analista-de-...,,,,
Junior Data Analyst,Concentrix,Over 200 applicants,1 day ago,https://in.linkedin.com/jobs/view/junior-data-...,Associate,Full-time,Information Technology,IT Services and IT Consulting
Data Analyst,Bottomline,Over 200 applicants,2 weeks ago,https://www.linkedin.com/jobs/view/data-analys...,Entry level,Full-time,Information Technology,Software Development
Data Analyst,Reggora,Over 200 applicants,12 hours ago,https://www.linkedin.com/jobs/view/data-analys...,Entry level,Full-time,Information Technology,Software Development
Data Analyst,Interactive Resources - iR,Over 200 applicants,2 weeks ago,https://www.linkedin.com/jobs/view/data-analys...,Mid-Senior level,Full-time,Information Technology,Insurance
